[
    {
        "name": "Home",
        "id": 1,
        "categories": [],
        "webhook_urls": [],
        "webhook_time": "00:00",
        "webhook_enable": false,
        "users": [
            {
                "username": "Change Me",
                "full_name": "Change Me",
                "email": "changeme@email.com",
                "admin": true,
                "group": "Home",
                "favorite_recipes": [],
                "id": 1,
                "tokens": []
            }
        ],
        "mealplans": [
            {
                "group": "Home",
                "start_date": "2021-07-26",
                "end_date": "2021-07-30",
                "plan_days": [
                    {
                        "date": "2021-07-26",
                        "meals": [
                            {
                                "slug": "test1",
                                "name": "Test1",
                                "description": ""
                            }
                        ]
                    },
                    {
                        "date": "2021-07-27",
                        "meals": [
                            {
                                "slug": "test1",
                                "name": "Test1",
                                "description": ""
                            }
                        ]
                    },
                    {
                        "date": "2021-07-28",
                        "meals": [
                            {
                                "slug": null,
                                "name": "",
                                "description": "empty"
                            }
                        ]
                    },
                    {
                        "date": "2021-07-29",
                        "meals": [
                            {
                                "slug": null,
                                "name": "",
                                "description": "empty"
                            }
                        ]
                    },
                    {
                        "date": "2021-07-30",
                        "meals": [
                            {
                                "slug": null,
                                "name": "",
                                "description": "empty"
                            }
                        ]
                    }
                ],
                "uid": 1,
                "shopping_list": null
            }
        ],
        "shopping_lists": [
            {
                "name": "List 1",
                "group": "Home",
                "items": [],
                "id": 1
            },
            {
                "name": "List2",
                "group": "Home",
                "items": [],
                "id": 2
            }
        ]
    }
]