[
    {
        "id": 1,
        "name": "default",
        "colors": {
            "primary": "#E58325",
            "accent": "#00457A",
            "secondary": "#973542",
            "success": "#43A047",
            "info": "#1976D2",
            "warning": "#FF6F00",
            "error": "#EF5350"
        }
    },
    {
        "id": 2,
        "name": "Dark",
        "colors": {
            "primary": "#424242",
            "accent": "#455A64",
            "secondary": "#00796B",
            "success": "#43A047",
            "info": "#1976D2",
            "warning": "#FF6F00",
            "error": "#EF5350"
        }
    }
]